ID,Title,Type,Lat,Long,Location
1,AM 1 a fol.,Source,55.675,12.5687,Copenhagen
1,AM 1 a fol.,Destination,55.676097,12.568337,Copenhagen
2,AM 1 b fol.,Source,55.675,12.5687,Copenhagen
2,AM 1 b fol.,Destination,55.676097,12.568337,Copenhagen
3,AM 1 c fol.,Source,55.675,12.5687,Copenhagen
3,AM 1 c fol.,Destination,55.676097,12.568337,Copenhagen
4,AM 1 d α fol.,Source,55.675,12.5687,Copenhagen
4,AM 1 d α fol.,Destination,55.676097,12.568337,Copenhagen
5,AM 1 d β fol.,Source,55.675,12.5687,Copenhagen
5,AM 1 d β fol.,Destination,55.676097,12.568337,Copenhagen
6,AM 1 e α fol.,Source,55.675,12.5687,Copenhagen
6,AM 1 e α fol.,Destination,55.676097,12.568337,Copenhagen
7,AM 1 e β I fol.,Source,55.675,12.5687,Copenhagen
7,AM 1 e β I fol.,Destination,55.676097,12.568337,Copenhagen
8,AM 2 fol.,Source,55.675,12.5687,Copenhagen
8,AM 2 fol.,Destination,55.676097,12.568337,Copenhagen
9,AM 3 fol.,Source,55.675,12.5687,Copenhagen
9,AM 3 fol.,Destination,55.676097,12.568337,Copenhagen
10,AM 4 fol.,Source,64.116667,-20.533333,Skálholt
10,AM 4 fol.,Destination,55.676097,12.568337,Copenhagen
11,AM 5 fol.,Source,55.675,12.5687,Copenhagen
11,AM 5 fol.,Destination,55.676097,12.568337,Copenhagen
12,AM 6 fol.,Source,55.675,12.5687,Copenhagen
12,AM 6 fol.,Destination,55.676097,12.568337,Copenhagen
13,AM 7 fol.,Source,55.675,12.5687,Copenhagen
13,AM 7 fol.,Destination,55.676097,12.568337,Copenhagen
14,AM 8 fol.,Source,64.833762,-23.499033,Knörr
14,AM 8 fol.,Destination,55.676097,12.568337,Copenhagen
15,AM 9 fol.,Source,55.675,12.5687,Copenhagen
15,AM 9 fol.,Destination,55.676097,12.568337,Copenhagen
16,AM 10 fol.,Source,55.675,12.5687,Copenhagen
16,AM 10 fol.,Destination,55.676097,12.568337,Copenhagen
17,AM 11 fol.,Source,63.832988,-20.890045,Gaulverjabær
17,AM 11 fol.,Destination,55.676097,12.568337,Copenhagen
18,AM 12 a fol.,Source,64.116667,-20.533333,Skálholt
18,AM 12 a fol.,Destination,55.676097,12.568337,Copenhagen
19,AM 12 b fol.,Source,63.883997,-20.750909,Villingaholt
19,AM 12 b fol.,Destination,55.676097,12.568337,Copenhagen
20,AM 12 c fol.,Source,65.041431,-22.730734,Helgafell
20,AM 12 c fol.,Destination,55.676097,12.568337,Copenhagen
21,AM 34 fol.,Source,55.675,12.5687,Copenhagen
21,AM 34 fol.,Destination,55.676097,12.568337,Copenhagen
22,AM 54 fol.,Source,55.675,12.5687,Copenhagen
22,AM 54 fol.,Destination,55.676097,12.568337,Copenhagen
23,AM 65 fol.,Source,64.116667,-20.533333,Skálholt
23,AM 65 fol.,Destination,55.676097,12.568337,Copenhagen
24,AM 152 1 fol.,Source,55.675,12.5687,Copenhagen
24,AM 152 1 fol.,Destination,64.135338,-21.89521,Reykjavík
25,AM 157 h fol.,Source,63.832988,-20.890045,Gaulverjabær
25,AM 157 h fol.,Destination,64.135338,-21.89521,Reykjavík
26,AM 165 g fol.,Source,55.675,12.5687,Copenhagen
26,AM 165 g fol.,Destination,64.135338,-21.89521,Reykjavík
27,AM 168 fol.,Source,55.675,12.5687,Copenhagen
27,AM 168 fol.,Destination,64.135338,-21.89521,Reykjavík
28,AM 169 a fol.,Source,55.675,12.5687,Copenhagen
28,AM 169 a fol.,Destination,64.135338,-21.89521,Reykjavík
29,AM 169 b fol.,Source,55.675,12.5687,Copenhagen
29,AM 169 b fol.,Destination,64.135338,-21.89521,Reykjavík
30,AM 169 d fol.,Source,55.675,12.5687,Copenhagen
30,AM 169 d fol.,Destination,64.135338,-21.89521,Reykjavík
31,AM 170 fol.,Source,64.116667,-20.533333,Skálholt
31,AM 170 fol.,Destination,64.135338,-21.89521,Reykjavík
32,AM 171 b fol.,Source,64.833762,-23.499033,Knörr
32,AM 171 b fol.,Destination,64.135338,-21.89521,Reykjavík
33,AM 172 a fol.,Source,55.675,12.5687,Copenhagen
33,AM 172 a fol.,Destination,64.135338,-21.89521,Reykjavík
34,AM 173 fol.,Source,55.675,12.5687,Copenhagen
34,AM 173 fol.,Destination,64.135338,-21.89521,Reykjavík
35,AM 179 fol.,Source,55.675,12.5687,Copenhagen
35,AM 179 fol.,Destination,55.676097,12.568337,Copenhagen
36,AM 192 fol.,Source,55.675,12.5687,Copenhagen
36,AM 192 fol.,Destination,55.676097,12.568337,Copenhagen
37,AM 193 a fol.,Source,55.675,12.5687,Copenhagen
37,AM 193 a fol.,Destination,55.676097,12.568337,Copenhagen
38,AM 193 b fol.,Source,55.675,12.5687,Copenhagen
38,AM 193 b fol.,Destination,64.135338,-21.89521,Reykjavík
39,AM 193 e fol.,Source,55.675,12.5687,Copenhagen
39,AM 193 e fol.,Destination,64.135338,-21.89521,Reykjavík
40,AM 194 a fol.,Source,55.675,12.5687,Copenhagen
40,AM 194 a fol.,Destination,55.676097,12.568337,Copenhagen
41,AM 194 b fol.,Source,55.675,12.5687,Copenhagen
41,AM 194 b fol.,Destination,55.676097,12.568337,Copenhagen
42,AM 194 c fol.,Source,55.675,12.5687,Copenhagen
42,AM 194 c fol.,Destination,55.676097,12.568337,Copenhagen
43,AM 202 a fol.,Source,55.675,12.5687,Copenhagen
43,AM 202 a fol.,Destination,64.135338,-21.89521,Reykjavík
44,AM 202 b fol.,Source,55.675,12.5687,Copenhagen
44,AM 202 b fol.,Destination,64.135338,-21.89521,Reykjavík
45,AM 202 c fol.,Source,55.675,12.5687,Copenhagen
45,AM 202 c fol.,Destination,64.135338,-21.89521,Reykjavík
46,AM 202 g fol.,Source,55.675,12.5687,Copenhagen
46,AM 202 g fol.,Destination,55.676097,12.568337,Copenhagen
47,AM 202 i fol.,Source,55.675,12.5687,Copenhagen
47,AM 202 i fol.,Destination,55.676097,12.568337,Copenhagen
48,AM 202 k fol.,Source,55.675,12.5687,Copenhagen
48,AM 202 k fol.,Destination,55.676097,12.568337,Copenhagen
49,AM 203 fol.,Source,55.675,12.5687,Copenhagen
49,AM 203 fol.,Destination,55.676097,12.568337,Copenhagen
50,AM 395 fol.,Source,55.675,12.5687,Copenhagen
50,AM 395 fol.,Destination,64.135338,-21.89521,Reykjavík
51,AM 397 fol.,Source,55.675,12.5687,Copenhagen
51,AM 397 fol.,Destination,64.135338,-21.89521,Reykjavík
52,AM 147 4to,Source,55.675,12.5687,Copenhagen
52,AM 147 4to,Destination,64.135338,-21.89521,Reykjavík
53,AM 281 4to,Source,55.675,12.5687,Copenhagen
53,AM 281 4to,Destination,64.135338,-21.89521,Reykjavík
54,AM 282 4to,Source,55.675,12.5687,Copenhagen
54,AM 282 4to,Destination,55.676097,12.568337,Copenhagen
55,AM 283 4to,Source,55.675,12.5687,Copenhagen
55,AM 283 4to,Destination,55.676097,12.568337,Copenhagen
56,AM 284 4to,Source,55.675,12.5687,Copenhagen
56,AM 284 4to,Destination,55.676097,12.568337,Copenhagen
57,AM 285 4to,Source,55.675,12.5687,Copenhagen
57,AM 285 4to,Destination,55.676097,12.568337,Copenhagen
58,AM 294 4to,Source,55.675,12.5687,Copenhagen
58,AM 294 4to,Destination,64.135338,-21.89521,Reykjavík
59,AM 295 4to,Source,55.675,12.5687,Copenhagen
59,AM 295 4to,Destination,64.135338,-21.89521,Reykjavík
60,AM 296 4to,Source,55.675,12.5687,Copenhagen
60,AM 296 4to,Destination,64.135338,-21.89521,Reykjavík
61,AM 297 a 4to,Source,55.675,12.5687,Copenhagen
61,AM 297 a 4to,Destination,64.135338,-21.89521,Reykjavík
62,AM 297 b 4to,Source,55.675,12.5687,Copenhagen
62,AM 297 b 4to,Destination,64.135338,-21.89521,Reykjavík
63,AM 298 I-III 4to,Source,55.675,12.5687,Copenhagen
63,AM 298 I-III 4to,Destination,64.135338,-21.89521,Reykjavík
64,AM 307 4to,Source,55.675,12.5687,Copenhagen
64,AM 307 4to,Destination,55.676097,12.568337,Copenhagen
65,AM 309 4to,Source,64.116667,-20.533333,Skálholt
65,AM 309 4to,Destination,55.676097,12.568337,Copenhagen
66,AM 313 4to,Source,55.675,12.5687,Copenhagen
66,AM 313 4to,Destination,55.676097,12.568337,Copenhagen
67,AM 336 4to,Source,63.784337,-20.708433,Háfur 1
67,AM 336 4to,Destination,64.135338,-21.89521,Reykjavík
68,AM 340 4to,Source,55.675,12.5687,Copenhagen
68,AM 340 4to,Destination,64.135338,-21.89521,Reykjavík
69,AM 343 b 4to,Source,55.675,12.5687,Copenhagen
69,AM 343 b 4to,Destination,55.676097,12.568337,Copenhagen
70,AM 343 c 4to,Source,55.675,12.5687,Copenhagen
70,AM 343 c 4to,Destination,55.676097,12.568337,Copenhagen
71,AM 344 a 4to,Source,55.675,12.5687,Copenhagen
71,AM 344 a 4to,Destination,64.135338,-21.89521,Reykjavík
72,AM 348 4to,Source,55.675,12.5687,Copenhagen
72,AM 348 4to,Destination,55.676097,12.568337,Copenhagen
73,AM 354 4to,Source,55.675,12.5687,Copenhagen
73,AM 354 4to,Destination,55.676097,12.568337,Copenhagen
74,AM 355 4to,Source,55.675,12.5687,Copenhagen
74,AM 355 4to,Destination,55.676097,12.568337,Copenhagen
75,AM 356 4to,Source,55.675,12.5687,Copenhagen
75,AM 356 4to,Destination,55.676097,12.568337,Copenhagen
76,AM 357 4to,Source,55.675,12.5687,Copenhagen
76,AM 357 4to,Destination,55.676097,12.568337,Copenhagen
77,AM 358 4to,Source,55.675,12.5687,Copenhagen
77,AM 358 4to,Destination,55.676097,12.568337,Copenhagen
78,AM 359 a 4to,Source,55.675,12.5687,Copenhagen
78,AM 359 a 4to,Destination,55.676097,12.568337,Copenhagen
79,AM 359 b 4to,Source,55.675,12.5687,Copenhagen
79,AM 359 b 4to,Destination,55.676097,12.568337,Copenhagen
80,AM 360 a 4to,Source,65.040862,-21.685366,Stóri-Skógur 2
80,AM 360 a 4to,Destination,64.135338,-21.89521,Reykjavík
81,AM 363 I-III 4to,Source,55.675,12.5687,Copenhagen
81,AM 363 I-III 4to,Destination,64.135338,-21.89521,Reykjavík
82,AM 418 4to,Source,55.675,12.5687,Copenhagen
82,AM 418 4to,Destination,64.135338,-21.89521,Reykjavík
83,AM 471 4to,Source,55.675,12.5687,Copenhagen
83,AM 471 4to,Destination,64.135338,-21.89521,Reykjavík
84,AM 510 4to,Source,55.675,12.5687,Copenhagen
84,AM 510 4to,Destination,64.135338,-21.89521,Reykjavík
85,AM 526 4to,Source,55.675,12.5687,Copenhagen
85,AM 526 4to,Destination,64.135338,-21.89521,Reykjavík
86,AM 537 4to,Source,55.675,12.5687,Copenhagen
86,AM 537 4to,Destination,64.135338,-21.89521,Reykjavík
87,AM 544 4to,Source,66.014813,-19.007752,Hólar
87,AM 544 4to,Destination,55.676097,12.568337,Copenhagen
88,AM 552 d 4to,Source,55.675,12.5687,Copenhagen
88,AM 552 d 4to,Destination,64.135338,-21.89521,Reykjavík
89,AM 552 k β 4to,Source,55.675,12.5687,Copenhagen
89,AM 552 k β 4to,Destination,64.135338,-21.89521,Reykjavík
90,AM 556 b 4to,Source,55.675,12.5687,Copenhagen
90,AM 556 b 4to,Destination,64.135338,-21.89521,Reykjavík
91,AM 557 4to,Source,55.675,12.5687,Copenhagen
91,AM 557 4to,Destination,64.135338,-21.89521,Reykjavík
92,AM 567 IV 4to,Source,55.675,12.5687,Copenhagen
92,AM 567 IV 4to,Destination,64.135338,-21.89521,Reykjavík
93,AM 567 V 4to,Source,55.675,12.5687,Copenhagen
93,AM 567 V 4to,Destination,55.676097,12.568337,Copenhagen
94,AM 567 XI 4to,Source,55.675,12.5687,Copenhagen
94,AM 567 XI 4to,Destination,64.135338,-21.89521,Reykjavík
95,AM 567 XIV 4to,Source,55.675,12.5687,Copenhagen
95,AM 567 XIV 4to,Destination,64.135338,-21.89521,Reykjavík
96,AM 567 XXI 4to,Source,55.675,12.5687,Copenhagen
96,AM 567 XXI 4to,Destination,64.135338,-21.89521,Reykjavík
97,AM 568 I-II 4to,Source,55.675,12.5687,Copenhagen
97,AM 568 I-II 4to,Destination,64.135338,-21.89521,Reykjavík
98,AM 570 a 4to,Source,55.675,12.5687,Copenhagen
98,AM 570 a 4to,Destination,55.676097,12.568337,Copenhagen
99,AM 576 a 4to,Source,63.861622,-20.206477,Gunnarsholt
99,AM 576 a 4to,Destination,64.135338,-21.89521,Reykjavík
100,AM 576 b 4to,Source,55.675,12.5687,Copenhagen
100,AM 576 b 4to,Destination,64.135338,-21.89521,Reykjavík
101,AM 576 c 4to,Source,55.675,12.5687,Copenhagen
101,AM 576 c 4to,Destination,64.135338,-21.89521,Reykjavík
102,AM 577 4to,Source,55.675,12.5687,Copenhagen
102,AM 577 4to,Destination,64.135338,-21.89521,Reykjavík
103,AM 579 4to,Source,55.675,12.5687,Copenhagen
103,AM 579 4to,Destination,64.135338,-21.89521,Reykjavík
104,AM 580 4to,Source,55.675,12.5687,Copenhagen
104,AM 580 4to,Destination,55.676097,12.568337,Copenhagen
105,AM 582 4to,Source,55.675,12.5687,Copenhagen
105,AM 582 4to,Destination,64.135338,-21.89521,Reykjavík
106,AM 583 a 4to,Source,55.675,12.5687,Copenhagen
106,AM 583 a 4to,Destination,64.135338,-21.89521,Reykjavík
107,AM 585 e 4to,Source,55.675,12.5687,Copenhagen
107,AM 585 e 4to,Destination,64.135338,-21.89521,Reykjavík
108,AM 586 4to,Source,55.675,12.5687,Copenhagen
108,AM 586 4to,Destination,64.135338,-21.89521,Reykjavík
109,AM 587 b 4to,Source,55.675,12.5687,Copenhagen
109,AM 587 b 4to,Destination,64.135338,-21.89521,Reykjavík
110,AM 587 c 4to,Source,55.675,12.5687,Copenhagen
110,AM 587 c 4to,Destination,64.135338,-21.89521,Reykjavík
111,AM 587 d 4to,Source,55.675,12.5687,Copenhagen
111,AM 587 d 4to,Destination,64.135338,-21.89521,Reykjavík
112,AM 587 e 4to,Source,55.675,12.5687,Copenhagen
112,AM 587 e 4to,Destination,55.676097,12.568337,Copenhagen
113,AM 589 e 4to,Source,55.675,12.5687,Copenhagen
113,AM 589 e 4to,Destination,64.135338,-21.89521,Reykjavík
114,AM 589 f 4to,Source,55.675,12.5687,Copenhagen
114,AM 589 f 4to,Destination,64.135338,-21.89521,Reykjavík
115,AM 590 b-c 4to,Source,55.675,12.5687,Copenhagen
115,AM 590 b-c 4to,Destination,55.676097,12.568337,Copenhagen
116,AM 591 c 4to,Source,55.675,12.5687,Copenhagen
116,AM 591 c 4to,Destination,55.676097,12.568337,Copenhagen
117,AM 591 d 4to,Source,55.675,12.5687,Copenhagen
117,AM 591 d 4to,Destination,64.135338,-21.89521,Reykjavík
118,AM 591 e 4to,Source,55.675,12.5687,Copenhagen
118,AM 591 e 4to,Destination,64.135338,-21.89521,Reykjavík
119,AM 591 f 4to,Source,55.675,12.5687,Copenhagen
119,AM 591 f 4to,Destination,64.135338,-21.89521,Reykjavík
120,AM 591 g 4to,Source,55.675,12.5687,Copenhagen
120,AM 591 g 4to,Destination,64.135338,-21.89521,Reykjavík
121,AM 591 h 4to,Source,55.675,12.5687,Copenhagen
121,AM 591 h 4to,Destination,64.135338,-21.89521,Reykjavík
122,AM 591 i 4to,Source,55.675,12.5687,Copenhagen
122,AM 591 i 4to,Destination,64.135338,-21.89521,Reykjavík
123,AM 591 k 4to,Source,55.675,12.5687,Copenhagen
123,AM 591 k 4to,Destination,55.676097,12.568337,Copenhagen
124,AM 592 a 4to,Source,55.675,12.5687,Copenhagen
124,AM 592 a 4to,Destination,55.676097,12.568337,Copenhagen
125,AM 597 b 4to,Source,55.675,12.5687,Copenhagen
125,AM 597 b 4to,Destination,55.676097,12.568337,Copenhagen
126,AM 601 b 4to,Source,55.675,12.5687,Copenhagen
126,AM 601 b 4to,Destination,64.135338,-21.89521,Reykjavík
127,AM 657 c 4to,Source,55.675,12.5687,Copenhagen
127,AM 657 c 4to,Destination,64.135338,-21.89521,Reykjavík
128,AM 720 a 4to,Source,55.675,12.5687,Copenhagen
128,AM 720 a 4to,Destination,64.135338,-21.89521,Reykjavík
129,AM 738 4to,Source,55.675,12.5687,Copenhagen
129,AM 738 4to,Destination,64.135338,-21.89521,Reykjavík
130,AM 762 4to,Source,55.675,12.5687,Copenhagen
130,AM 762 4to,Destination,55.676097,12.568337,Copenhagen
131,AM 920 4to,Source,55.675,12.5687,Copenhagen
131,AM 920 4to,Destination,64.135338,-21.89521,Reykjavík
132,AM 922 4to,Source,55.675,12.5687,Copenhagen
132,AM 922 4to,Destination,55.676097,12.568337,Copenhagen
133,AM 930 4to,Source,55.675,12.5687,Copenhagen
133,AM 930 4to,Destination,55.676097,12.568337,Copenhagen
134,AM 1008 4to,Source,55.675,12.5687,Copenhagen
134,AM 1008 4to,Destination,55.676097,12.568337,Copenhagen
135,AM 1020 4to,Source,55.675,12.5687,Copenhagen
135,AM 1020 4to,Destination,64.135338,-21.89521,Reykjavík
136,AM 1036 4to,Source,55.675,12.5687,Copenhagen
136,AM 1036 4to,Destination,64.135338,-21.89521,Reykjavík
137,AM 1039 4to,Source,55.675,12.5687,Copenhagen
137,AM 1039 4to,Destination,64.135338,-21.89521,Reykjavík
138,AM 65 a 8vo,Source,55.675,12.5687,Copenhagen
138,AM 65 a 8vo,Destination,64.135338,-21.89521,Reykjavík
139,AM 93 8vo,Source,55.675,12.5687,Copenhagen
139,AM 93 8vo,Destination,55.676097,12.568337,Copenhagen
140,AM 109 a 8vo,Source,55.675,12.5687,Copenhagen
140,AM 109 a 8vo,Destination,64.135338,-21.89521,Reykjavík
141,AM 119 a 8vo,Source,55.675,12.5687,Copenhagen
141,AM 119 a 8vo,Destination,55.676097,12.568337,Copenhagen
142,AM 119 b 8vo,Source,55.675,12.5687,Copenhagen
142,AM 119 b 8vo,Destination,55.676097,12.568337,Copenhagen
143,AM 123 8vo,Source,55.675,12.5687,Copenhagen
143,AM 123 8vo,Destination,64.135338,-21.89521,Reykjavík
144,AM 144 8vo,Source,55.675,12.5687,Copenhagen
144,AM 144 8vo,Destination,64.135338,-21.89521,Reykjavík
145,AM 167 b III 8vo,Source,55.675,12.5687,Copenhagen
145,AM 167 b III 8vo,Destination,64.135338,-21.89521,Reykjavík
146,AM Acc. 52,Source,55.675,12.5687,Copenhagen
146,AM Acc. 52,Destination,55.676097,12.568337,Copenhagen
147,AM Acc. 57,Source,55.675,12.5687,Copenhagen
147,AM Acc. 57,Destination,55.676097,12.568337,Copenhagen
148,AM Acc. 60,Source,55.675,12.5687,Copenhagen
148,AM Acc. 60,Destination,55.676097,12.568337,Copenhagen
149,AM Acc. 61,Source,55.675,12.5687,Copenhagen
149,AM Acc. 61,Destination,55.676097,12.568337,Copenhagen
150,BL Add. 11109,Source,51.5,-0.1,London
150,BL Add. 11109,Destination,51.508515,-0.125487,London
151,BL Add. 11115,Source,51.5,-0.1,London
151,BL Add. 11115,Destination,51.508515,-0.125487,London
152,BL Add. 11118,Source,51.5,-0.1,London
152,BL Add. 11118,Destination,51.508515,-0.125487,London
153,BL Add. 11131,Source,51.5,-0.1,London
153,BL Add. 11131,Destination,51.508515,-0.125487,London
154,BL Add. 11141,Source,65.360664,-21.921361,Staðarhóll
154,BL Add. 11141,Destination,51.508515,-0.125487,London
155,BL Add. 11157,Source,51.5,-0.1,London
155,BL Add. 11157,Destination,51.508515,-0.125487,London
156,BL Add. 11158,Source,51.5,-0.1,London
156,BL Add. 11158,Destination,51.508515,-0.125487,London
157,BL Add. 11159,Source,51.5,-0.1,London
157,BL Add. 11159,Destination,51.508515,-0.125487,London
158,BL Add. 11160,Source,55.675,12.5687,Copenhagen
158,BL Add. 11160,Destination,51.508515,-0.125487,London
159,BL Add. 11161,Source,55.675,12.5687,Copenhagen
159,BL Add. 11161,Destination,51.508515,-0.125487,London
160,BL Add. 11162,Source,55.675,12.5687,Copenhagen
160,BL Add. 11162,Destination,51.508515,-0.125487,London
161,BL Add. 11163,Source,55.675,12.5687,Copenhagen
161,BL Add. 11163,Destination,51.508515,-0.125487,London
162,BL Add. 11165,Source,55.675,12.5687,Copenhagen
162,BL Add. 11165,Destination,51.508515,-0.125487,London
163,BL Add. 11174,Source,55.675,12.5687,Copenhagen
163,BL Add. 11174,Destination,51.508515,-0.125487,London
164,BL Add. 11181,Source,55.675,12.5687,Copenhagen
164,BL Add. 11181,Destination,51.508515,-0.125487,London
165,BL Add. 24969,Source,65.483087,-20.515264,Refsteinsstaðir 1
165,BL Add. 24969,Destination,51.508515,-0.125487,London
166,BL Add. 45317,Source,51.5,-0.1,London
166,BL Add. 45317,Destination,51.508515,-0.125487,London
167,BL Add. 4857,Source,51.5,-0.1,London
167,BL Add. 4857,Destination,51.508515,-0.125487,London
168,BL Add. 4859,Source,51.5,-0.1,London
168,BL Add. 4859,Destination,51.508515,-0.125487,London
169,BL Add. 4860,Source,51.5,-0.1,London
169,BL Add. 4860,Destination,51.508515,-0.125487,London
170,BL Add. 4863,Source,51.5,-0.1,London
170,BL Add. 4863,Destination,51.508515,-0.125487,London
171,BL Add. 4864,Source,51.5,-0.1,London
171,BL Add. 4864,Destination,51.508515,-0.125487,London
172,BL Add. 4866,Source,51.5,-0.1,London
172,BL Add. 4866,Destination,51.508515,-0.125487,London
173,BL Add. 4874,Source,51.5,-0.1,London
173,BL Add. 4874,Destination,51.508515,-0.125487,London
174,BL Add. 4875,Source,51.5,-0.1,London
174,BL Add. 4875,Destination,51.508515,-0.125487,London
175,BL Add. 4877,Source,51.5,-0.1,London
175,BL Add. 4877,Destination,51.508515,-0.125487,London
176,BL Add. 4884,Source,51.5,-0.1,London
176,BL Add. 4884,Destination,51.508515,-0.125487,London
177,BL Add. 6121,Source,51.5,-0.1,London
177,BL Add. 6121,Destination,51.508515,-0.125487,London
178,Böðvar Kvaran 11 4to,Source,64.133333,-21.933333,Reykjavík
178,Böðvar Kvaran 11 4to,Destination,
179,Böðvar Kvaran 13 4to,Source,64.133333,-21.933333,Reykjavík
179,Böðvar Kvaran 13 4to,Destination,
180,Böðvar Kvaran 9 4to,Source,64.133333,-21.933333,Reykjavík
180,Böðvar Kvaran 9 4to,Destination,
181,E 8630,Source,59.858611,17.638889,Uppsala
181,E 8630,Destination,59.32893,18.06491,Stockholm
182,Engestr. B. III. 1. 18.,Source,59.35,18.066667,Stockholm
182,Engestr. B. III. 1. 18.,Destination,59.32893,18.06491,Stockholm
183,Engestr. B. III. 1. 20.,Source,59.35,18.066667,Stockholm
183,Engestr. B. III. 1. 20.,Destination,59.32893,18.06491,Stockholm
184,Ericsbergsarkivet 74,Source,55.675,12.5687,Copenhagen
184,Ericsbergsarkivet 74,Destination,59.32893,18.06491,Stockholm
185,GKS 1002 fol.,Source,63.717148,-19.842587,Eyvindarmúli
185,GKS 1002 fol.,Destination,55.676097,12.568337,København
186,GKS 1003 fol.,Source,63.717148,-19.842587,Eyvindarmúli
186,GKS 1003 fol.,Destination,55.676097,12.568337,København
187,GKS 1005 fol.,Source,64.116667,-20.533333,Skálholt
187,GKS 1005 fol.,Destination,64.135338,-21.89521,Reykjavík
188,GKS 1006 fol.,Source,63.883997,-20.750909,Villingaholt
188,GKS 1006 fol.,Destination,55.676097,12.568337,København
189,Huseby nr 36,Source,59.35,18.066667,Stockholm
189,Huseby nr 36,Destination,59.32893,18.06491,Stockholm
190,ÍB 65 4to,Source,55.675,12.5687,Copenhagen
190,ÍB 65 4to,Destination,64.135338,-21.89521,Reykjavík
191,ÍB 173 4to,Source,49.88,-97.17,Winnipeg
191,ÍB 173 4to,Destination,64.135338,-21.89521,Reykjavík
192,ÍB 233 4to,Source,55.675,12.5687,Copenhagen
192,ÍB 233 4to,Destination,64.135338,-21.89521,Reykjavík
193,ÍB 251 4to,Source,65.8557,-18.766038,Skeið
193,ÍB 251 4to,Destination,64.135338,-21.89521,Reykjavík
194,ÍB 277 4to,Source,64.133333,-21.933333,Reykjavík
194,ÍB 277 4to,Destination,64.135338,-21.89521,Reykjavík
195,ÍB 297 4to,Source,49.88,-97.17,Winnipeg
195,ÍB 297 4to,Destination,64.135338,-21.89521,Reykjavík
196,ÍB 299 4to,Source,49.88,-97.17,Winnipeg
196,ÍB 299 4to,Destination,64.135338,-21.89521,Reykjavík
197,ÍB 384 4to,Source,55.675,12.5687,Copenhagen
197,ÍB 384 4to,Destination,64.135338,-21.89521,Reykjavík
198,ÍBR 5 fol.,Source,64.133333,-21.933333,Reykjavík
198,ÍBR 5 fol.,Destination,64.135338,-21.89521,Reykjavík
199,ÍBR 8 4to,Source,65.606224,-20.113914,Geitaskarð
199,ÍBR 8 4to,Destination,64.135338,-21.89521,Reykjavík
200,ÍBR 9 4to,Source,65.606224,-20.113914,Geitaskarð
200,ÍBR 9 4to,Destination,64.135338,-21.89521,Reykjavík
201,ÍBR 10 4to,Source,65.606224,-20.113914,Geitaskarð
201,ÍBR 10 4to,Destination,64.135338,-21.89521,Reykjavík
202,ÍBR 59 4to,Source,64.133333,-21.933333,Reykjavík
202,ÍBR 59 4to,Destination,64.135338,-21.89521,Reykjavík
203,Ihre 77,Source,59.858611,17.638889,Uppsala
203,Ihre 77,Destination,59.858564,17.638927,Uppsala
204,JS 7 fol.,Source,55.675,12.5687,Copenhagen
204,JS 7 fol.,Destination,64.135338,-21.89521,Reykjavík
205,JS 8 fol.,Source,65.112868,-22.597349,Hrappsey
205,JS 8 fol.,Destination,64.135338,-21.89521,Reykjavík
206,JS 12 fol.,Source,55.675,12.5687,Copenhagen
206,JS 12 fol.,Destination,64.135338,-21.89521,Reykjavík
207,JS 19 fol.,Source,55.675,12.5687,Copenhagen
207,JS 19 fol.,Destination,64.135338,-21.89521,Reykjavík
208,JS 27 fol.,Source,55.675,12.5687,Copenhagen
208,JS 27 fol.,Destination,64.135338,-21.89521,Reykjavík
209,JS 28 fol.,Source,64.116667,-20.533333,Skálholt
209,JS 28 fol.,Destination,64.135338,-21.89521,Reykjavík
210,JS 160 fol.,Source,55.675,12.5687,Copenhagen
210,JS 160 fol.,Destination,64.135338,-21.89521,Reykjavík
211,JS 166 fol.,Source,55.675,12.5687,Copenhagen
211,JS 166 fol.,Destination,64.135338,-21.89521,Reykjavík
212,JS 33 4to,Source,55.675,12.5687,Copenhagen
212,JS 33 4to,Destination,64.135338,-21.89521,Reykjavík
213,JS 34 4to,Source,55.675,12.5687,Copenhagen
213,JS 34 4to,Destination,64.135338,-21.89521,Reykjavík
214,JS 43 4to,Source,55.675,12.5687,Copenhagen
214,JS 43 4to,Destination,64.135338,-21.89521,Reykjavík
215,JS 251 4to,Source,55.675,12.5687,Copenhagen
215,JS 251 4to,Destination,64.135338,-21.89521,Reykjavík
216,JS 315 4to,Source,51.751944,-1.257778,Oxford
216,JS 315 4to,Destination,64.135338,-21.89521,Reykjavík
217,JS 623 4to,Source,55.675,12.5687,Copenhagen
217,JS 623 4to,Destination,64.135338,-21.89521,Reykjavík
218,JS 624 4to,Source,55.675,12.5687,Copenhagen
218,JS 624 4to,Destination,64.135338,-21.89521,Reykjavík
219,JS 625 4to,Source,55.675,12.5687,Copenhagen
219,JS 625 4to,Destination,64.135338,-21.89521,Reykjavík
220,JS 627 4to,Source,55.675,12.5687,Copenhagen
220,JS 627 4to,Destination,64.135338,-21.89521,Reykjavík
221,JS 632 4to,Source,55.675,12.5687,Copenhagen
221,JS 632 4to,Destination,64.135338,-21.89521,Reykjavík
222,JS 634 4to,Source,55.675,12.5687,Copenhagen
222,JS 634 4to,Destination,64.135338,-21.89521,Reykjavík
223,JS 635 4to,Source,55.675,12.5687,Copenhagen
223,JS 635 4to,Destination,64.135338,-21.89521,Reykjavík
224,JS 641 4to,Source,55.675,12.5687,Copenhagen
224,JS 641 4to,Destination,64.135338,-21.89521,Reykjavík
225,JS 11 8vo,Source,55.675,12.5687,Copenhagen
225,JS 11 8vo,Destination,64.135338,-21.89521,Reykjavík
226,JS 12 8vo,Source,55.675,12.5687,Copenhagen
226,JS 12 8vo,Destination,64.135338,-21.89521,Reykjavík
227,JS 23 8vo,Source,55.675,12.5687,Copenhagen
227,JS 23 8vo,Destination,64.135338,-21.89521,Reykjavík
228,JS 101 8vo,Source,55.675,12.5687,Copenhagen
228,JS 101 8vo,Destination,64.135338,-21.89521,Reykjavík
229,JS 103 8vo,Source,55.675,12.5687,Copenhagen
229,JS 103 8vo,Destination,64.135338,-21.89521,Reykjavík
230,JS 112 8vo,Source,55.675,12.5687,Copenhagen
230,JS 112 8vo,Destination,64.135338,-21.89521,Reykjavík
231,JS 270 8vo,Source,55.675,12.5687,Copenhagen
231,JS 270 8vo,Destination,64.135338,-21.89521,Reykjavík
232,JS 383 8vo,Source,55.675,12.5687,Copenhagen
232,JS 383 8vo,Destination,64.135338,-21.89521,Reykjavík
233,JS 384 8vo,Source,55.675,12.5687,Copenhagen
233,JS 384 8vo,Destination,64.135338,-21.89521,Reykjavík
234,JS 397 8vo,Source,55.675,12.5687,Copenhagen
234,JS 397 8vo,Destination,64.135338,-21.89521,Reykjavík
235,JS 407 8vo,Source,55.675,12.5687,Copenhagen
235,JS 407 8vo,Destination,64.135338,-21.89521,Reykjavík
236,JS 408 8vo,Source,55.675,12.5687,Copenhagen
236,JS 408 8vo,Destination,64.135338,-21.89521,Reykjavík
237,JS 409 8vo,Source,55.675,12.5687,Copenhagen
237,JS 409 8vo,Destination,64.135338,-21.89521,Reykjavík
238,JS 410 8vo,Source,55.675,12.5687,Copenhagen
238,JS 410 8vo,Destination,64.135338,-21.89521,Reykjavík
239,JS 411 8vo,Source,55.675,12.5687,Copenhagen
239,JS 411 8vo,Destination,64.135338,-21.89521,Reykjavík
240,Kall 241 fol.,Source,55.675,12.5687,Copenhagen
240,Kall 241 fol.,Destination,55.676097,12.568337,København
241,Kall 250 fol.,Source,55.675,12.5687,Copenhagen
241,Kall 250 fol.,Destination,55.676097,12.568337,København
242,Kall 253 fol.,Source,55.675,12.5687,Copenhagen
242,Kall 253 fol.,Destination,55.676097,12.568337,København
243,Kall 254 fol.,Source,55.675,12.5687,Copenhagen
243,Kall 254 fol.,Destination,55.676097,12.568337,København
244,Kall 611 4to,Source,55.675,12.5687,Copenhagen
244,Kall 611 4to,Destination,55.676097,12.568337,København
245,Kall 612 4to,Source,55.675,12.5687,Copenhagen
245,Kall 612 4to,Destination,55.676097,12.568337,København
246,Kall 613 4to,Source,55.675,12.5687,Copenhagen
246,Kall 613 4to,Destination,55.676097,12.568337,København
247,Kall 614 4to,Source,55.675,12.5687,Copenhagen
247,Kall 614 4to,Destination,55.676097,12.568337,København
248,Kall 616 4to,Source,55.675,12.5687,Copenhagen
248,Kall 616 4to,Destination,55.676097,12.568337,København
249,Kall 617 4to,Source,55.675,12.5687,Copenhagen
249,Kall 617 4to,Destination,55.676097,12.568337,København
250,Kall 620 4to,Source,55.675,12.5687,Copenhagen
250,Kall 620 4to,Destination,55.676097,12.568337,København
251,LUB fol. 2,Source,55.675,12.5687,Copenhagen
251,LUB fol. 2,Destination,55.70466,13.191007,Lund
252,Lbs 221 fol.,Source,64.133333,-21.933333,Reykjavík
252,Lbs 221 fol.,Destination,64.135338,-21.89521,Reykjavík
253,Lbs 222 fol.,Source,64.133333,-21.933333,Reykjavík
253,Lbs 222 fol.,Destination,64.135338,-21.89521,Reykjavík
254,Lbs 423 fol.,Source,64.133333,-21.933333,Reykjavík
254,Lbs 423 fol.,Destination,64.135338,-21.89521,Reykjavík
255,Lbs 154 4to,Source,64.133333,-21.933333,Reykjavík
255,Lbs 154 4to,Destination,64.135338,-21.89521,Reykjavík
256,Lbs 157 4to,Source,59.35,18.066667,Stockholm
256,Lbs 157 4to,Destination,64.135338,-21.89521,Reykjavík
257,Lbs 513 4to,Source,66.115814,-23.562999,Staður
257,Lbs 513 4to,Destination,64.135338,-21.89521,Reykjavík
258,Lbs 715 4to,Source,66.018112,-22.668226,Strandsel
258,Lbs 715 4to,Destination,64.135338,-21.89521,Reykjavík
259,Lbs 840 4to,Source,65.360664,-21.921361,Staðarhóll
259,Lbs 840 4to,Destination,64.135338,-21.89521,Reykjavík
260,Lbs 980 4to,Source,59.35,18.066667,Stockholm
260,Lbs 980 4to,Destination,64.135338,-21.89521,Reykjavík
261,Lbs 998 4to,Source,64.833762,-23.499033,Knörr
261,Lbs 998 4to,Destination,64.135338,-21.89521,Reykjavík
262,Lbs 999 4to,Source,65.128037,-14.765111,Arnheiðarstaðir
262,Lbs 999 4to,Destination,64.135338,-21.89521,Reykjavík
263,Lbs 1000 4to,Source,65.128037,-14.765111,Arnheiðarstaðir
263,Lbs 1000 4to,Destination,64.135338,-21.89521,Reykjavík
264,Lbs 1172 4to,Source,64.133333,-21.933333,Reykjavík
264,Lbs 1172 4to,Destination,64.135338,-21.89521,Reykjavík
265,Lbs 1193 4to,Source,65.635205,-20.300523,Hjaltabakki
265,Lbs 1193 4to,Destination,64.135338,-21.89521,Reykjavík
266,Lbs 1217 4to,Source,64.133333,-21.933333,Reykjavík
266,Lbs 1217 4to,Destination,64.135338,-21.89521,Reykjavík
267,Lbs 1226 4to,Source,64.133333,-21.933333,Reykjavík
267,Lbs 1226 4to,Destination,64.135338,-21.89521,Reykjavík
268,Lbs 1246 4to,Source,55.675,12.5687,Copenhagen
268,Lbs 1246 4to,Destination,64.135338,-21.89521,Reykjavík
269,Lbs 1341 4to,Source,64.133333,-21.933333,Reykjavík
269,Lbs 1341 4to,Destination,64.135338,-21.89521,Reykjavík
270,Lbs 1487 4to,Source,64.133333,-21.933333,Reykjavík
270,Lbs 1487 4to,Destination,64.135338,-21.89521,Reykjavík
271,Lbs 1491 4to,Source,65.386127,-21.956474,Tjaldanes
271,Lbs 1491 4to,Destination,64.135338,-21.89521,Reykjavík
272,Lbs 1492 4to,Source,65.386127,-21.956474,Tjaldanes
272,Lbs 1492 4to,Destination,64.135338,-21.89521,Reykjavík
273,Lbs 1493 4to,Source,65.386127,-21.956474,Tjaldanes
273,Lbs 1493 4to,Destination,64.135338,-21.89521,Reykjavík
274,Lbs 1495 4to,Source,65.386127,-21.956474,Tjaldanes
274,Lbs 1495 4to,Destination,64.135338,-21.89521,Reykjavík
275,Lbs 1497 4to,Source,65.386127,-21.956474,Tjaldanes
275,Lbs 1497 4to,Destination,64.135338,-21.89521,Reykjavík
276,Lbs 1498 4to,Source,65.386127,-21.956474,Tjaldanes
276,Lbs 1498 4to,Destination,64.135338,-21.89521,Reykjavík
277,Lbs 1500 4to,Source,65.386127,-21.956474,Tjaldanes
277,Lbs 1500 4to,Destination,64.135338,-21.89521,Reykjavík
278,Lbs 1501 4to,Source,65.386127,-21.956474,Tjaldanes
278,Lbs 1501 4to,Destination,64.135338,-21.89521,Reykjavík
279,Lbs 1503 4to,Source,65.386127,-21.956474,Tjaldanes
279,Lbs 1503 4to,Destination,64.135338,-21.89521,Reykjavík
280,Lbs 1504 4to,Source,65.386127,-21.956474,Tjaldanes
280,Lbs 1504 4to,Destination,64.135338,-21.89521,Reykjavík
281,Lbs 1505 4to,Source,65.386127,-21.956474,Tjaldanes
281,Lbs 1505 4to,Destination,64.135338,-21.89521,Reykjavík
282,Lbs 1508 4to,Source,65.386127,-21.956474,Tjaldanes
282,Lbs 1508 4to,Destination,64.135338,-21.89521,Reykjavík
283,Lbs 1509 4to,Source,65.386127,-21.956474,Tjaldanes
283,Lbs 1509 4to,Destination,64.135338,-21.89521,Reykjavík
284,Lbs 1510 4to,Source,65.386127,-21.956474,Tjaldanes
284,Lbs 1510 4to,Destination,64.135338,-21.89521,Reykjavík
285,Lbs 1573 4to,Source,65.180784,-14.639736,Hof
285,Lbs 1573 4to,Destination,64.135338,-21.89521,Reykjavík
286,Lbs 1626 4to,Source,65.386127,-21.956474,Tjaldanes
286,Lbs 1626 4to,Destination,64.135338,-21.89521,Reykjavík
287,Lbs 1629 4to,Source,65.853479,-18.596883,Syðra-Hvarf
287,Lbs 1629 4to,Destination,64.135338,-21.89521,Reykjavík
288,Lbs 1762 4to,Source,64.69783,-14.19742,Steinaborg
288,Lbs 1762 4to,Destination,64.135338,-21.89521,Reykjavík
289,Lbs 2118 4to,Source,49.88,-97.17,Winnipeg
289,Lbs 2118 4to,Destination,64.135338,-21.89521,Reykjavík
290,Lbs 2317 4to,Source,65.628233,-21.691027,Tröllatunga
290,Lbs 2317 4to,Destination,64.135338,-21.89521,Reykjavík
291,Lbs 2319 4to,Source,65.360664,-21.921361,Staðarhóll
291,Lbs 2319 4to,Destination,64.135338,-21.89521,Reykjavík
292,Lbs 2943 4to,Source,65.386127,-21.956474,Tjaldanes
292,Lbs 2943 4to,Destination,64.135338,-21.89521,Reykjavík
293,Lbs 3164 4to,Source,65.112868,-22.597349,Hrappsey
293,Lbs 3164 4to,Destination,64.135338,-21.89521,Reykjavík
294,Lbs 3713 4to,Source,64.133333,-21.933333,Reykjavík
294,Lbs 3713 4to,Destination,64.135338,-21.89521,Reykjavík
295,Lbs 4827 4to,Source,65.822148,-20.271544,Árbakki
295,Lbs 4827 4to,Destination,64.135338,-21.89521,Reykjavík
296,Lbs 4940 4to,Source,65.386127,-21.956474,Tjaldanes
296,Lbs 4940 4to,Destination,64.135338,-21.89521,Reykjavík
297,Lbs 229 8vo,Source,64.133333,-21.933333,Reykjavík
297,Lbs 229 8vo,Destination,64.135338,-21.89521,Reykjavík
298,Lbs 2145 8vo,Source,64.845377,-13.967389,Stöð
298,Lbs 2145 8vo,Destination,64.135338,-21.89521,Reykjavík
299,Lbs 2146 8vo,Source,49.88,-97.17,Winnipeg
299,Lbs 2146 8vo,Destination,64.135338,-21.89521,Reykjavík
300,Lbs 2152 8vo,Source,64.954941,-14.16371,Dalir
300,Lbs 2152 8vo,Destination,64.135338,-21.89521,Reykjavík
301,Lbs 2207 8vo,Source,49.88,-97.17,Winnipeg
301,Lbs 2207 8vo,Destination,64.135338,-21.89521,Reykjavík
302,Lbs 2421 8vo,Source,65.432998,-23.02065,Hergilsey
302,Lbs 2421 8vo,Destination,64.135338,-21.89521,Reykjavík
303,Lbs 2503 8vo,Source,65.061003,-21.457255,Núpur
303,Lbs 2503 8vo,Destination,64.135338,-21.89521,Reykjavík
304,Lbs 2894 8vo,Source,65.061003,-21.457255,Núpur
304,Lbs 2894 8vo,Destination,64.135338,-21.89521,Reykjavík
305,MS 21.2.9,Source,55.675,12.5687,Copenhagen
305,MS 21.2.9,Destination,55.953252,-3.188267,Edinburgh
306,MS 21.4.17,Source,65.83676,-17.472925,Rauðskriða 1
306,MS 21.4.17,Destination,55.953252,-3.188267,Edinburgh
307,MS 21.5.2,Source,55.675,12.5687,Copenhagen
307,MS 21.5.2,Destination,55.953252,-3.188267,Edinburgh
308,Ms Boreal 116,Source,55.675,12.5687,Copenhagen
308,Ms Boreal 116,Destination,51.752021,-1.257726,Oxford
309,Ms Boreal 119,Source,55.675,12.5687,Copenhagen
309,Ms Boreal 119,Destination,51.752021,-1.257726,Oxford
310,Ms Boreal 128,Source,55.675,12.5687,Copenhagen
310,Ms Boreal 128,Destination,51.752021,-1.257726,Oxford
311,Ms Germ qu. 936,Source,51.533889,9.935556,Goettingen
311,Ms Germ qu. 936,Destination,52.520007,13.404954,Berlin
312,Mss. philol. 78,Source,59.35,18.066667,Stockholm
312,Mss. philol. 78,Destination,54.083419,12.100429,Rostock
313,NKS 1151 fol.,Source,55.675,12.5687,Copenhagen
313,NKS 1151 fol.,Destination,55.676097,12.568337,København
314,NKS 1155 fol.,Source,55.675,12.5687,Copenhagen
314,NKS 1155 fol.,Destination,55.676097,12.568337,København
315,NKS 1157 fol.,Source,55.675,12.5687,Copenhagen
315,NKS 1157 fol.,Destination,55.676097,12.568337,København
316,NKS 1158 fol.,Source,55.675,12.5687,Copenhagen
316,NKS 1158 fol.,Destination,55.676097,12.568337,København
317,NKS 1161 fol.,Source,55.675,12.5687,Copenhagen
317,NKS 1161 fol.,Destination,55.676097,12.568337,København
318,NKS 1178 fol.,Source,55.675,12.5687,Copenhagen
318,NKS 1178 fol.,Destination,55.676097,12.568337,København
319,NKS 1179 fol.,Source,55.675,12.5687,Copenhagen
319,NKS 1179 fol.,Destination,55.676097,12.568337,København
320,NKS 1184 fol.,Source,55.675,12.5687,Copenhagen
320,NKS 1184 fol.,Destination,55.676097,12.568337,København
321,NKS 1187 fol.,Source,55.675,12.5687,Copenhagen
321,NKS 1187 fol.,Destination,55.676097,12.568337,København
322,NKS 1189 fol.,Source,55.675,12.5687,Copenhagen
322,NKS 1189 fol.,Destination,55.676097,12.568337,København
323,NKS 1204 fol.,Source,55.675,12.5687,Copenhagen
323,NKS 1204 fol.,Destination,55.676097,12.568337,København
324,NKS 1205 fol.,Source,55.675,12.5687,Copenhagen
324,NKS 1205 fol.,Destination,55.676097,12.568337,København
325,NKS 1223 fol.,Source,55.675,12.5687,Copenhagen
325,NKS 1223 fol.,Destination,55.676097,12.568337,København
326,NKS 1228 fol.,Source,55.675,12.5687,Copenhagen
326,NKS 1228 fol.,Destination,55.676097,12.568337,København
327,NKS 1229 fol.,Source,55.675,12.5687,Copenhagen
327,NKS 1229 fol.,Destination,55.676097,12.568337,København
328,NKS 1230 fol.,Source,55.675,12.5687,Copenhagen
328,NKS 1230 fol.,Destination,55.676097,12.568337,København
329,NKS 1245 fol.,Source,55.675,12.5687,Copenhagen
329,NKS 1245 fol.,Destination,55.676097,12.568337,København
330,NKS 1251 fol.,Source,55.675,12.5687,Copenhagen
330,NKS 1251 fol.,Destination,55.676097,12.568337,København
331,NKS 1264 fol.,Source,55.675,12.5687,Copenhagen
331,NKS 1264 fol.,Destination,55.676097,12.568337,København
332,NKS 635 4to,Source,55.675,12.5687,Copenhagen
332,NKS 635 4to,Destination,55.676097,12.568337,København
333,NKS 906 4to,Source,55.675,12.5687,Copenhagen
333,NKS 906 4to,Destination,55.676097,12.568337,København
334,NKS 908 4to,Source,55.675,12.5687,Copenhagen
334,NKS 908 4to,Destination,55.676097,12.568337,København
335,NKS 909 4to,Source,55.675,12.5687,Copenhagen
335,NKS 909 4to,Destination,55.676097,12.568337,København
336,NKS 1689 4to,Source,55.675,12.5687,Copenhagen
336,NKS 1689 4to,Destination,55.676097,12.568337,København
337,NKS 1693 4to,Source,55.675,12.5687,Copenhagen
337,NKS 1693 4to,Destination,55.676097,12.568337,København
338,NKS 1698 4to,Source,55.675,12.5687,Copenhagen
338,NKS 1698 4to,Destination,55.676097,12.568337,København
339,NKS 1700 4to,Source,55.675,12.5687,Copenhagen
339,NKS 1700 4to,Destination,55.676097,12.568337,København
340,NKS 1701 4to,Source,55.675,12.5687,Copenhagen
340,NKS 1701 4to,Destination,55.676097,12.568337,København
341,NKS 1704 4to,Source,55.675,12.5687,Copenhagen
341,NKS 1704 4to,Destination,55.676097,12.568337,København
342,NKS 1706 4to,Source,55.675,12.5687,Copenhagen
342,NKS 1706 4to,Destination,55.676097,12.568337,København
343,NKS 1707 4to,Source,55.675,12.5687,Copenhagen
343,NKS 1707 4to,Destination,55.676097,12.568337,København
344,NKS 1709 4to,Source,55.675,12.5687,Copenhagen
344,NKS 1709 4to,Destination,55.676097,12.568337,København
345,NKS 1711 4to,Source,55.675,12.5687,Copenhagen
345,NKS 1711 4to,Destination,55.676097,12.568337,København
346,NKS 1713 4to,Source,55.675,12.5687,Copenhagen
346,NKS 1713 4to,Destination,55.676097,12.568337,København
347,NKS 1715 4to,Source,55.675,12.5687,Copenhagen
347,NKS 1715 4to,Destination,55.676097,12.568337,København
348,NKS 1720 a 4to,Source,55.675,12.5687,Copenhagen
348,NKS 1720 a 4to,Destination,55.676097,12.568337,København
349,NKS 1735 4to,Source,55.675,12.5687,Copenhagen
349,NKS 1735 4to,Destination,55.676097,12.568337,København
350,NKS 1736 4to,Source,55.675,12.5687,Copenhagen
350,NKS 1736 4to,Destination,55.676097,12.568337,København
351,NKS 1746 4to,Source,55.675,12.5687,Copenhagen
351,NKS 1746 4to,Destination,55.676097,12.568337,København
352,NKS 1747 4to,Source,55.675,12.5687,Copenhagen
352,NKS 1747 4to,Destination,55.676097,12.568337,København
353,NKS 1748 4to,Source,55.675,12.5687,Copenhagen
353,NKS 1748 4to,Destination,55.676097,12.568337,København
354,NKS 1754 4to,Source,55.675,12.5687,Copenhagen
354,NKS 1754 4to,Destination,55.676097,12.568337,København
355,NKS 1755 4to,Source,55.675,12.5687,Copenhagen
355,NKS 1755 4to,Destination,55.676097,12.568337,København
356,NKS 1756 4to,Source,55.675,12.5687,Copenhagen
356,NKS 1756 4to,Destination,55.676097,12.568337,København
357,NKS 1757 4to,Source,55.675,12.5687,Copenhagen
357,NKS 1757 4to,Destination,55.676097,12.568337,København
358,NKS 1758 4to,Source,55.675,12.5687,Copenhagen
358,NKS 1758 4to,Destination,55.676097,12.568337,København
359,NKS 1759 4to,Source,55.675,12.5687,Copenhagen
359,NKS 1759 4to,Destination,55.676097,12.568337,København
360,NKS 1760 4to,Source,55.675,12.5687,Copenhagen
360,NKS 1760 4to,Destination,55.676097,12.568337,København
361,NKS 1761 4to,Source,55.675,12.5687,Copenhagen
361,NKS 1761 4to,Destination,55.676097,12.568337,København
362,NKS 1762 4to,Source,55.675,12.5687,Copenhagen
362,NKS 1762 4to,Destination,55.676097,12.568337,København
363,NKS 1766 4to,Source,55.675,12.5687,Copenhagen
363,NKS 1766 4to,Destination,55.676097,12.568337,København
364,NKS 1767 4to,Source,55.675,12.5687,Copenhagen
364,NKS 1767 4to,Destination,55.676097,12.568337,København
365,NKS 1768 4to,Source,55.675,12.5687,Copenhagen
365,NKS 1768 4to,Destination,55.676097,12.568337,København
366,NKS 1769 4to,Source,55.675,12.5687,Copenhagen
366,NKS 1769 4to,Destination,55.676097,12.568337,København
367,NKS 1772 a 4to,Source,55.675,12.5687,Copenhagen
367,NKS 1772 a 4to,Destination,55.676097,12.568337,København
368,NKS 1774 4to,Source,55.675,12.5687,Copenhagen
368,NKS 1774 4to,Destination,55.676097,12.568337,København
369,NKS 1776 4to,Source,55.675,12.5687,Copenhagen
369,NKS 1776 4to,Destination,55.676097,12.568337,København
370,NKS 1778 b 4to,Source,55.675,12.5687,Copenhagen
370,NKS 1778 b 4to,Destination,55.676097,12.568337,København
371,NKS 1791 4to,Source,55.675,12.5687,Copenhagen
371,NKS 1791 4to,Destination,55.676097,12.568337,København
372,NKS 1792 4to,Source,55.675,12.5687,Copenhagen
372,NKS 1792 4to,Destination,55.676097,12.568337,København
373,NKS 1793 4to,Source,55.675,12.5687,Copenhagen
373,NKS 1793 4to,Destination,55.676097,12.568337,København
374,NKS 1795 4to,Source,55.675,12.5687,Copenhagen
374,NKS 1795 4to,Destination,55.676097,12.568337,København
375,NKS 1801 4to,Source,55.675,12.5687,Copenhagen
375,NKS 1801 4to,Destination,55.676097,12.568337,København
376,NKS 1804 4to,Source,55.675,12.5687,Copenhagen
376,NKS 1804 4to,Destination,55.676097,12.568337,København
377,NKS 1806 4to,Source,55.675,12.5687,Copenhagen
377,NKS 1806 4to,Destination,55.676097,12.568337,København
378,NKS 1807 4to,Source,55.675,12.5687,Copenhagen
378,NKS 1807 4to,Destination,55.676097,12.568337,København
379,NKS 1817 4to,Source,55.675,12.5687,Copenhagen
379,NKS 1817 4to,Destination,55.676097,12.568337,København
380,NKS 1818 4to,Source,55.675,12.5687,Copenhagen
380,NKS 1818 4to,Destination,55.676097,12.568337,København
381,NKS 1824 b 4to,Source,64.116667,-20.533333,Skálholt
381,NKS 1824 b 4to,Destination,55.676097,12.568337,København
382,NKS 1866 4to,Source,55.675,12.5687,Copenhagen
382,NKS 1866 4to,Destination,55.676097,12.568337,København
383,NKS 1869 4to,Source,55.675,12.5687,Copenhagen
383,NKS 1869 4to,Destination,55.676097,12.568337,København
384,NKS 1873 4to,Source,55.675,12.5687,Copenhagen
384,NKS 1873 4to,Destination,55.676097,12.568337,København
385,NKS 1891 4to,Source,55.675,12.5687,Copenhagen
385,NKS 1891 4to,Destination,55.676097,12.568337,København
386,NKS 331 8vo,Source,55.675,12.5687,Copenhagen
386,NKS 331 8vo,Destination,55.676097,12.568337,København
387,NKS 339 8vo,Source,55.675,12.5687,Copenhagen
387,NKS 339 8vo,Destination,55.676097,12.568337,København
388,Papp. 4to nr 1,Source,64.133333,-21.933333,Reykjavík
388,Papp. 4to nr 1,Destination,59.32893,18.06491,Stockholm
389,Papp. 4to nr 17,Source,65.629041,-18.470377,Efstaland
389,Papp. 4to nr 17,Destination,59.32893,18.06491,Stockholm
390,Papp. 4to nr 20,Source,59.858611,17.638889,Uppsala
390,Papp. 4to nr 20,Destination,59.32893,18.06491,Stockholm
391,Papp. 4to nr 21,Source,59.858611,17.638889,Uppsala
391,Papp. 4to nr 21,Destination,59.32893,18.06491,Stockholm
392,Papp. 4to nr 30,Source,59.858611,17.638889,Uppsala
392,Papp. 4to nr 30,Destination,59.32893,18.06491,Stockholm
393,Papp. 4to nr 5,Source,59.858611,17.638889,Uppsala
393,Papp. 4to nr 5,Destination,59.32893,18.06491,Stockholm
394,Papp. 4to nr 51,Source,59.858611,17.638889,Uppsala
394,Papp. 4to nr 51,Destination,59.32893,18.06491,Stockholm
395,Papp. 4to nr 52,Source,59.35,18.066667,Stockholm
395,Papp. 4to nr 52,Destination,59.32893,18.06491,Stockholm
396,Papp. 4to nr 56,Source,59.35,18.066667,Stockholm
396,Papp. 4to nr 56,Destination,59.32893,18.06491,Stockholm
397,Papp. 4to nr 6,Source,59.858611,17.638889,Uppsala
397,Papp. 4to nr 6,Destination,59.32893,18.06491,Stockholm
398,Papp. 4to nr 60,Source,59.35,18.066667,Stockholm
398,Papp. 4to nr 60,Destination,59.32893,18.06491,Stockholm
399,Papp. 4to nr 62,Source,59.858611,17.638889,Uppsala
399,Papp. 4to nr 62,Destination,59.32893,18.06491,Stockholm
400,Papp. 4to nr 7,Source,59.858611,17.638889,Uppsala
400,Papp. 4to nr 7,Destination,59.32893,18.06491,Stockholm
401,Papp. 4to nr 79 VII,Source,59.35,18.066667,Stockholm
401,Papp. 4to nr 79 VII,Destination,59.32893,18.06491,Stockholm
402,Papp. 4to nr 80,Source,59.35,18.066667,Stockholm
402,Papp. 4to nr 80,Destination,59.32893,18.06491,Stockholm
403,Papp. 8vo nr 1,Source,59.858611,17.638889,Uppsala
403,Papp. 8vo nr 1,Destination,59.32893,18.06491,Stockholm
404,Papp. 8vo nr 11,Source,59.35,18.066667,Stockholm
404,Papp. 8vo nr 11,Destination,59.32893,18.06491,Stockholm
405,Papp. 8vo nr 4,Source,59.858611,17.638889,Uppsala
405,Papp. 8vo nr 4,Destination,59.32893,18.06491,Stockholm
406,Papp. 8vo nr 6,Source,59.858611,17.638889,Uppsala
406,Papp. 8vo nr 6,Destination,59.32893,18.06491,Stockholm
407,Papp. 8vo nr 7,Source,59.858611,17.638889,Uppsala
407,Papp. 8vo nr 7,Destination,59.32893,18.06491,Stockholm
408,Papp. fol. nr 25,Source,65.147069,-21.055887,Staður
408,Papp. fol. nr 25,Destination,59.32893,18.06491,Stockholm
409,Papp. fol. nr 50,Source,59.35,18.066667,Stockholm
409,Papp. fol. nr 50,Destination,59.32893,18.06491,Stockholm
410,Papp. fol. nr 63,Source,59.858611,17.638889,Uppsala
410,Papp. fol. nr 63,Destination,59.32893,18.06491,Stockholm
411,Papp. fol. nr 68,Source,65.147069,-21.055887,Staður
411,Papp. fol. nr 68,Destination,59.32893,18.06491,Stockholm
412,Papp. fol. nr 74,Source,59.858611,17.638889,Uppsala
412,Papp. fol. nr 74,Destination,59.32893,18.06491,Stockholm
413,Papp. fol. nr 95,Source,65.147069,-21.055887,Staður
413,Papp. fol. nr 95,Destination,59.32893,18.06491,Stockholm
414,R 692,Source,59.858611,17.638889,Uppsala
414,R 692,Destination,59.858564,17.638927,Uppsala
415,R 697,Source,59.858611,17.638889,Uppsala
415,R 697,Destination,59.858564,17.638927,Uppsala
416,R 703,Source,59.858611,17.638889,Uppsala
416,R 703,Destination,59.858564,17.638927,Uppsala
417,R 704,Source,59.35,18.066667,Stockholm
417,R 704,Destination,59.858564,17.638927,Uppsala
418,R 707,Source,59.35,18.066667,Stockholm
418,R 707,Destination,59.858564,17.638927,Uppsala
419,R 709,Source,59.858611,17.638889,Uppsala
419,R 709,Destination,59.858564,17.638927,Uppsala
420,R 715,Source,59.35,18.066667,Stockholm
420,R 715,Destination,59.858564,17.638927,Uppsala
421,R 716,Source,59.35,18.066667,Stockholm
421,R 716,Destination,59.858564,17.638927,Uppsala
422,Forn Sagor om Ketill Häng, Grim Ludenkind och Pile Odder,Source,59.35,18.066667,Stockholm
422,Forn Sagor om Ketill Häng, Grim Ludenkind och Pile Odder,Destination,59.32893,18.06491,Stockholm
423,Brate, Erik - Översättning av Ingvar Vittfavnes Saga,Source,59.35,18.066667,Stockholm
423,Brate, Erik - Översättning av Ingvar Vittfavnes Saga,Destination,59.32893,18.06491,Stockholm
424,Rål. 4to nr 43,Source,59.858611,17.638889,Uppsala
424,Rål. 4to nr 43,Destination,59.32893,18.06491,Stockholm
425,Rask 21 a,Source,55.675,12.5687,Copenhagen
425,Rask 21 a,Destination,55.676097,12.568337,Copenhagen
426,Rask 30,Source,55.675,12.5687,Copenhagen
426,Rask 30,Destination,55.676097,12.568337,Copenhagen
427,Rask 31,Source,65.125476,-22.188107,Staðarfell
427,Rask 31,Destination,55.676097,12.568337,Copenhagen
428,Rask 32,Source,65.125476,-22.188107,Staðarfell
428,Rask 32,Destination,55.676097,12.568337,Copenhagen
429,Rask 35,Source,55.675,12.5687,Copenhagen
429,Rask 35,Destination,55.676097,12.568337,Copenhagen
430,Rask 38,Source,55.675,12.5687,Copenhagen
430,Rask 38,Destination,55.676097,12.568337,Copenhagen
431,Rask 53,Source,55.675,12.5687,Copenhagen
431,Rask 53,Destination,55.676097,12.568337,Copenhagen
432,Säfstaholmssamlingen I Papp. 10,Source,59.35,18.066667,Stockholm
432,Säfstaholmssamlingen I Papp. 10,Destination,59.32893,18.06491,Stockholm
433,Säfstaholmssamlingen I Papp. 11,Source,59.35,18.066667,Stockholm
433,Säfstaholmssamlingen I Papp. 11,Destination,59.32893,18.06491,Stockholm
434,Säfstaholmssamlingen I Papp. 12,Source,59.35,18.066667,Stockholm
434,Säfstaholmssamlingen I Papp. 12,Destination,59.32893,18.06491,Stockholm
435,Säfstaholmssamlingen I Papp. 13,Source,59.35,18.066667,Stockholm
435,Säfstaholmssamlingen I Papp. 13,Destination,59.32893,18.06491,Stockholm
436,Säfstaholmssamlingen I Papp. 3,Source,59.35,18.066667,Stockholm
436,Säfstaholmssamlingen I Papp. 3,Destination,59.32893,18.06491,Stockholm
437,Säfstaholmssamlingen I Papp. 6,Source,59.35,18.066667,Stockholm
437,Säfstaholmssamlingen I Papp. 6,Destination,59.32893,18.06491,Stockholm
438,Thott 1750 4to,Source,55.675,12.5687,Copenhagen
438,Thott 1750 4to,Destination,55.676097,12.568337,København
439,Thott 1753 4to,Source,55.675,12.5687,Copenhagen
439,Thott 1753 4to,Destination,55.676097,12.568337,København
440,Thott 1755 4to,Source,55.675,12.5687,Copenhagen
440,Thott 1755 4to,Destination,55.676097,12.568337,København
441,Thott 1756 4to,Source,55.675,12.5687,Copenhagen
441,Thott 1756 4to,Destination,55.676097,12.568337,København
442,Thott 1768 4to,Source,55.675,12.5687,Copenhagen
442,Thott 1768 4to,Destination,55.676097,12.568337,København
443,UB 233 a-b fol.,Source,55.675,12.5687,Copenhagen
443,UB 233 a-b fol.,Destination,59.913869,10.752245,Oslo
444,UB 1156 8vo,Source,65.386127,-21.956474,Tjaldanes
444,UB 1156 8vo,Destination,59.913869,10.752245,Oslo
445,UB 1157 8vo,Source,65.386127,-21.956474,Tjaldanes
445,UB 1157 8vo,Destination,59.913869,10.752245,Oslo
446,UB 1159 8vo,Source,65.386127,-21.956474,Tjaldanes
446,UB 1159 8vo,Destination,59.913869,10.752245,Oslo
447,UBB Ms. 58,Source,59.35,18.066667,Stockholm
447,UBB Ms. 58,Destination,60.391263,5.322054,Bergen
448,Waller ms se 568,Source,59.35,18.066667,Stockholm
448,Waller ms se 568,Destination,59.858564,17.638927,Uppsala
449,Westin 604,Source,59.858611,17.638889,Uppsala
449,Westin 604,Destination,59.858564,17.638927,Uppsala
450,Westin 78,Source,55.675,12.5687,Copenhagen
450,Westin 78,Destination,59.858564,17.638927,Uppsala
451,Westin 79,Source,55.675,12.5687,Copenhagen
451,Westin 79,Destination,59.858564,17.638927,Uppsala
452,Westin 80,Source,55.675,12.5687,Copenhagen
452,Westin 80,Destination,59.858564,17.638927,Uppsala
453,Westin 81,Source,55.675,12.5687,Copenhagen
453,Westin 81,Destination,59.858564,17.638927,Uppsala
454,Westin 82,Source,55.675,12.5687,Copenhagen
454,Westin 82,Destination,59.858564,17.638927,Uppsala
455,Westin 83,Source,55.675,12.5687,Copenhagen
455,Westin 83,Destination,59.858564,17.638927,Uppsala
456,Westin 84,Source,55.675,12.5687,Copenhagen
456,Westin 84,Destination,59.858564,17.638927,Uppsala
457,Westin 86,Source,55.675,12.5687,Copenhagen
457,Westin 86,Destination,59.858564,17.638927,Uppsala
458,Westin 87,Source,59.35,18.066667,Stockholm
458,Westin 87,Destination,59.858564,17.638927,Uppsala
459,Westin 88,Source,55.675,12.5687,Copenhagen
459,Westin 88,Destination,59.858564,17.638927,Uppsala
460,Westin 89,Source,55.675,12.5687,Copenhagen
460,Westin 89,Destination,59.858564,17.638927,Uppsala
461,Skógar (no shelfmark),Source,63.571636,-19.795111,Skálakot
461,Skógar (no shelfmark),Destination,Skógar, V-Skaftafellssýslu
